{
  "footer": {
    "blocks": ["footer-layout.desktop", "footer-layout.mobile"]
  },
  "footer-layout.desktop": {
    "children": [
      "flex-layout.row#footer-0-desktop",
      "flex-layout.row#footer-1-desktop",
      "flex-layout.row#footer-2-desktop",
      "flex-layout.row#footer-3-desktop"
    ]
  },
  "flex-layout.row#footer-0-desktop": {
    "children": [
      "image#logoFooter"
    ],
    "props": {
      "blockClass": "logoFooter"
    }
  },
  "image#logoFooter": {
    "props": {
      "blockClass": "logoFooter",
      "src": "https://storecomponents.vtexassets.com/arquivos/store-theme-logo.png"
    }
  },
  "flex-layout.row#footer-1-desktop": {
    "children": [
      "vtex.menu@2.x:menu#Products",
      "vtex.menu@2.x:menu#footer-clothing",
      "vtex.menu@2.x:menu#footer-decoration",
      "vtex.menu@2.x:menu#footer-bags",
      "flex-layout.col#newsletter"
    ],
    "props": {
      "blockClass": "menu-row",
      "paddingTop": 6,
      "paddingBottom": 3
    }
  },
  "flex-layout.col#newsletter": {
    "children": [
      "rich-text#tituloNewsletter",
      "rich-text#tituloNewsletterText",
      "newsletter-form#popUP"
    ],
    "props": {
      "width":"30%",
      "blockClass": "column-newsletter"
    }
  },
  "rich-text#tituloNewsletter": {
    "props": {
      "textAlignment": "LEFT",
      "textPosition": "LEFT",
      "text": "NEWSLETTER",
      "blockClass": "tituloNewsletter"
    }
  },
  "rich-text#tituloNewsletterText": {
    "props": {
      "textAlignment": "LEFT",
      "textPosition": "LEFT",
      "text": "Lorem Ipsum es simplemente el texto de relleno de las imprentas y archivos de texto.",
      "blockClass": "textNewsletter"
    }
  },
  "newsletter-form#popUP":{
    "children": [
      "newsletter-input-email",
      "newsletter-submit"
    ],
    "props":{
      "blockClass":"NewsletterPopUp"
    }
  },
  "social-networks": {
    "props": {
      "socialNetworks": [
        {
          "name": "Facebook",
          "url": "https://www.facebook.com/vtexonline/"
        },
        {
          "name": "Instagram",
          "url": "https://www.instagram.com/vtextruecloud/"
        },
        {
          "name": "Twitter",
          "url": "https://twitter.com/vtexonline"
        },
        {
          "name": "Youtube",
          "url": "https://www.youtube.com/user/VTEXTV"
        }
      ]
    }
  },

  "flex-layout.row#footer-2-desktop": {
    "children": ["flex-layout.col#contedorNetwork", "flex-layout.col#contedorMediosPago"],
    "props": {
      "blockClass": "payment-methods"
    }
  },
  "flex-layout.col#contedorMediosPago": {
    "children": [
      "rich-text#tituloMediosPago",
      "accepted-payment-methods"
    ],
    "props": {
      "blockClass": "itemRow2Footer"
    }
  },
  "rich-text#tituloMediosPago": {
    "props": {
      "textAlignment": "LEFT",
      "textPosition": "LEFT",
      "text": "MEDIOS DE PAGO",
      "blockClass": ["tituloNewsletter","footerItemRow2"]
    }
  },
  "accepted-payment-methods": {
    "props": {
      "paymentMethods": ["MasterCard", "Visa", "Diners Club"]
    }
  },
  "flex-layout.col#contedorNetwork": {
    "children": [
      "rich-text#tituloNetwork",
      "social-networks"
    ],
    "props": {
      "blockClass": "itemRow2Footer"
    }
  },
  "rich-text#tituloNetwork": {
    "props": {
      "textAlignment": "LEFT",
      "textPosition": "LEFT",
      "text": "REDES SOCIALES",
      "blockClass": ["tituloNewsletter","footerItemRow2"]
    }
  },
  "flex-layout.row#footer-3-desktop": {
    "children": ["rich-text#footer"],
    "props": {
      "blockClass": "credits"
    }
  },
  "rich-text#footer": {
    "props": {
      "text": "Todos los derechos reservados",
      "blockClass": "footer"
    }
  },

  "footer-layout.mobile": {
    "children": [
      "flex-layout.row#0-footer-mobile",
      "flex-layout.row#1-footer-mobile",
      "flex-layout.row#2-footer-mobile"
    ]
  },
  "flex-layout.row#0-footer-mobile": {
    "children": ["flex-layout.col#newsletter"],
    "props": {
      "blockClass": "newletterM"
    }
  },
  "flex-layout.row#2-footer-mobile": {
    "children": ["flex-layout.col#footer-1-mobile"],
    "props": {
      "blockClass": "payment-methods",
      "paddingTop": 4,
      "paddingBottom": 4
    }
  },
  "flex-layout.col#footer-1-mobile": {
    "children": [
      "flex-layout.col#contedorMediosPago",
      "flex-layout.col#contedorNetwork",
      "rich-text#footer-mobile"
    ],
    "props": {
      "blockClass": "payment-methods",
      "paddingTop": 4,
      "paddingBottom": 4,
      "rowGap": 4
    }
  },
  "flex-layout.row#1-footer-mobile": {
    "props": {
      "paddingTop": 4,
      "paddingBottom": 4
    },
    "children": ["vtex.menu@2.x:menu#footer-mobile"]
  },
  "rich-text#footer-mobile": {
    "props": {
      "text": "All stock and product photos are from photos.icons8.com",
      "blockClass": "footer"
    }
  }
}
